Count_Cells,Count_FilteredNuclei,FileName__405,FileName__488,FileName__561,FileName__638,FileName__730,ImageNumber,Median_Cells_AreaShape_Area,Median_Cells_AreaShape_Center_X,Median_Cells_AreaShape_Center_Y,Median_Cells_AreaShape_Eccentricity,Median_Cells_AreaShape_MedianRadius,Median_FilteredNuclei_AreaShape_Area,Median_FilteredNuclei_AreaShape_Center_X,Median_FilteredNuclei_AreaShape_Center_Y,Median_FilteredNuclei_AreaShape_Eccentricity,Median_FilteredNuclei_AreaShape_MedianRadius,ModuleError_01Images,ModuleError_02Metadata,ModuleError_03NamesAndTypes,ModuleError_04Groups,StDev_Cells_AreaShape_Area,StDev_Cells_AreaShape_Center_X,StDev_Cells_AreaShape_Center_Y,StDev_Cells_AreaShape_Eccentricity,StDev_Cells_AreaShape_MedianRadius,StDev_FilteredNuclei_AreaShape_Area,StDev_FilteredNuclei_AreaShape_Center_X,StDev_FilteredNuclei_AreaShape_Center_Y,StDev_FilteredNuclei_AreaShape_Eccentricity,StDev_FilteredNuclei_AreaShape_MedianRadius,Threshold_FinalThreshold_Cells,Threshold_FinalThreshold_Nuclei,Threshold_OrigThreshold_Cells,Threshold_OrigThreshold_Nuclei,Threshold_SumOfEntropies_Cells,Threshold_SumOfEntropies_Nuclei,Threshold_WeightedVariance_Cells,Threshold_WeightedVariance_Nuclei
46.0,46.0,B03_s1_x0_y0_Fluorescence_405_nm_Ex.tiff,B03_s1_x0_y0_Fluorescence_488_nm_Ex.tiff,B03_s1_x0_y0_Fluorescence_561_nm_Ex.tiff,B03_s1_x0_y0_Fluorescence_638_nm_Ex.tiff,B03_s1_x0_y0_Fluorescence_730_nm_Ex.tiff,1,39413.0,1278.7726177133309,965.5893945292494,0.7632058088430731,24.159667435754677,5067.0,1261.6778995179457,998.9525073429861,0.808841219812674,11.0,0,0,0,0,16833.995495152445,586.8738327743532,655.4379894961621,0.13274571573892083,7.356690001880311,1235.9483491771202,588.9208833319533,654.1171859865108,0.08738727701030248,1.5535002465471515,0.05635365843772888,0.09798721224069595,0.07044207,0.09798721,-11.561269601043488,-11.767338969745861,0.10624297998088181,0.09818699846832753
47.0,47.0,B03_s2_x1_y0_Fluorescence_405_nm_Ex.tiff,B03_s2_x1_y0_Fluorescence_488_nm_Ex.tiff,B03_s2_x1_y0_Fluorescence_561_nm_Ex.tiff,B03_s2_x1_y0_Fluorescence_638_nm_Ex.tiff,B03_s2_x1_y0_Fluorescence_730_nm_Ex.tiff,2,40250.0,1145.2977220299886,1428.5552287101045,0.7807023745639342,24.041630560342615,4746.0,1156.6814748201439,1426.2526826775677,0.8295767994976526,10.63014581273465,0,0,0,0,13831.79598017267,653.9897454689268,638.9207550410414,0.1405829111560208,6.368721859144269,1114.7403082021603,655.1889452991584,634.5293658038275,0.08264273209727513,1.5363420053707515,0.05751720070838928,0.10772781074047089,0.0718965,0.10772781,-11.598871961458663,-11.986414717746147,0.10301729206394196,0.11317717252688884
227.0,227.0,B15_s1_x0_y0_Fluorescence_405_nm_Ex.tiff,B15_s1_x0_y0_Fluorescence_488_nm_Ex.tiff,B15_s1_x0_y0_Fluorescence_561_nm_Ex.tiff,B15_s1_x0_y0_Fluorescence_638_nm_Ex.tiff,B15_s1_x0_y0_Fluorescence_730_nm_Ex.tiff,3,14889.0,1170.7599740161318,1123.676541048558,0.776630246981573,15.556349186104045,3058.0,1158.1358748778105,1124.4260606060607,0.7728783929117262,8.54400374531753,0,0,0,0,5485.955264116774,675.4053785693688,675.5398770507895,0.14131008389417432,3.4117898572890897,775.8771550819041,674.5694298545608,676.2941151875463,0.126878859060657,1.0499873648511668,0.06147810220718384,0.11924154311418533,0.07684763,0.11924154,-11.660235580780565,-12.065607743756281,0.14834641288121939,0.20208285739803314
260.0,260.0,B15_s2_x1_y0_Fluorescence_405_nm_Ex.tiff,B15_s2_x1_y0_Fluorescence_488_nm_Ex.tiff,B15_s2_x1_y0_Fluorescence_561_nm_Ex.tiff,B15_s2_x1_y0_Fluorescence_638_nm_Ex.tiff,B15_s2_x1_y0_Fluorescence_730_nm_Ex.tiff,4,15058.0,1183.6597184281186,1026.001701708165,0.7565613727544243,16.522683929858744,3155.5,1184.3096795163062,1008.9805849702825,0.7548525606407712,8.94427190999916,0,0,0,0,5078.460175144878,641.1689242946187,655.2541677156033,0.14116691055781014,3.1056988772145564,785.4154602829507,640.7293987833767,655.2767903810557,0.12897497244847964,1.1184750947726028,0.06228458881378174,0.12554673850536346,0.077855736,0.12554674,-11.995357127638858,-12.125354956568934,0.16364350969905853,0.2293016557570219
207.0,207.0,C07_s1_x0_y0_Fluorescence_405_nm_Ex.tiff,C07_s1_x0_y0_Fluorescence_488_nm_Ex.tiff,C07_s1_x0_y0_Fluorescence_561_nm_Ex.tiff,C07_s1_x0_y0_Fluorescence_638_nm_Ex.tiff,C07_s1_x0_y0_Fluorescence_730_nm_Ex.tiff,5,15716.0,1070.4429287090559,1217.2848514674301,0.7414827062406942,17.0,2915.0,1093.4973147153598,1248.488289567069,0.7271126414026835,8.48528137423857,0,0,0,0,8294.953930138507,654.8322001669127,685.0783249331076,0.1421220517023869,4.538843841285103,1038.0457901405546,655.8264744492898,684.7294672048624,0.1489816364009746,1.4940645193834527,0.059371137619018556,0.11342410743236542,0.07421392,0.11342411,-11.688324797895024,-12.333692230951364,0.1503593460171199,0.20282292540592192
233.0,233.0,C07_s2_x1_y0_Fluorescence_405_nm_Ex.tiff,C07_s2_x1_y0_Fluorescence_488_nm_Ex.tiff,C07_s2_x1_y0_Fluorescence_561_nm_Ex.tiff,C07_s2_x1_y0_Fluorescence_638_nm_Ex.tiff,C07_s2_x1_y0_Fluorescence_730_nm_Ex.tiff,6,12796.0,1193.3747655583973,979.4740177439797,0.7650196234949844,14.560219778561036,2711.0,1199.62528,976.3100436681223,0.7613375804842829,7.810249675906654,0,0,0,0,6651.897279366291,551.344934750031,702.1543140578842,0.13909400668954514,4.000813915692392,1071.9480036707162,550.0943896218199,704.4084476350778,0.13833329605542968,1.535423030061606,0.0592546820640564,0.11840749531984329,0.07406835,0.118407495,-11.713446442120919,-12.348868646370422,0.15504772283008575,0.22571132600428104
228.0,228.0,C22_s1_x0_y0_Fluorescence_405_nm_Ex.tiff,C22_s1_x0_y0_Fluorescence_488_nm_Ex.tiff,C22_s1_x0_y0_Fluorescence_561_nm_Ex.tiff,C22_s1_x0_y0_Fluorescence_638_nm_Ex.tiff,C22_s1_x0_y0_Fluorescence_730_nm_Ex.tiff,7,14696.0,946.5824707478571,953.6390480412474,0.7476524648820331,16.34002003147822,3051.0,952.5268939186394,947.8053263223059,0.7509540748596624,8.54400374531753,0,0,0,0,5937.81705452104,638.8772588731838,643.2094498949511,0.14549079985895444,3.5869844650589218,877.2301039842724,639.1229965635525,642.327532563376,0.14601062869886083,1.2448530143003766,0.056658053398132326,0.12774699926376343,0.07082257,0.127747,-11.735284767122785,-12.095992034069045,0.1718466833989185,0.23478368923373222
195.0,195.0,C22_s2_x1_y0_Fluorescence_405_nm_Ex.tiff,C22_s2_x1_y0_Fluorescence_488_nm_Ex.tiff,C22_s2_x1_y0_Fluorescence_561_nm_Ex.tiff,C22_s2_x1_y0_Fluorescence_638_nm_Ex.tiff,C22_s2_x1_y0_Fluorescence_730_nm_Ex.tiff,8,16887.0,1233.5139982753665,1316.9136047264487,0.7581923333071083,17.029386365926403,3048.0,1248.6139025311675,1319.1385767790262,0.7756141442218323,8.573164506180078,0,0,0,0,6280.081665243708,695.5037742979412,662.8344719334933,0.14148440760674952,3.6336745531959256,896.3208559538725,695.8921830795576,664.1544510896156,0.13134761979673487,1.2525328283881831,0.05421577095985413,0.11882312595844269,0.06776971,0.118823126,-11.551269368265261,-12.221372828149422,0.15070953766053735,0.20302014968252183
171.0,171.0,D08_s1_x0_y0_Fluorescence_405_nm_Ex.tiff,D08_s1_x0_y0_Fluorescence_488_nm_Ex.tiff,D08_s1_x0_y0_Fluorescence_561_nm_Ex.tiff,D08_s1_x0_y0_Fluorescence_638_nm_Ex.tiff,D08_s1_x0_y0_Fluorescence_730_nm_Ex.tiff,9,15328.0,1152.5370950888191,1535.650634057971,0.7535117445006604,16.55294535724685,3080.0,1156.1507046304284,1543.6262323189028,0.7518051190667423,8.54400374531753,0,0,0,0,6083.052826991957,682.3730009064334,706.0173338078744,0.13930674811266255,3.6044676968753984,812.4071509322225,683.536125047291,707.2107052944475,0.13482066582832314,1.0905429051826314,0.0580291748046875,0.11978621780872345,0.07253647,0.11978622,-11.601393163434597,-12.028690787243889,0.12296638207163214,0.1935283157384038
214.0,214.0,D08_s2_x1_y0_Fluorescence_405_nm_Ex.tiff,D08_s2_x1_y0_Fluorescence_488_nm_Ex.tiff,D08_s2_x1_y0_Fluorescence_561_nm_Ex.tiff,D08_s2_x1_y0_Fluorescence_638_nm_Ex.tiff,D08_s2_x1_y0_Fluorescence_730_nm_Ex.tiff,10,15435.5,1035.87275948456,1147.5553652228514,0.7356624009624844,16.446820984663685,2955.0,1019.377202971596,1147.6838755300264,0.7710177936205089,8.48528137423857,0,0,0,0,5642.97337994751,691.9496878621085,675.8177143147269,0.14147710167372768,3.588661775045051,669.766670942936,693.5525755200508,675.558687578657,0.13746217027393992,1.0521927321285796,0.05890657901763916,0.11654701083898544,0.073633224,0.11654701,-11.591680878755685,-12.178846850221408,0.13661998761512756,0.20034600274404527
148.0,148.0,D14_s1_x0_y0_Fluorescence_405_nm_Ex.tiff,D14_s1_x0_y0_Fluorescence_488_nm_Ex.tiff,D14_s1_x0_y0_Fluorescence_561_nm_Ex.tiff,D14_s1_x0_y0_Fluorescence_638_nm_Ex.tiff,D14_s1_x0_y0_Fluorescence_730_nm_Ex.tiff,11,16063.5,1453.272174753537,1347.0291263737872,0.7611869792354019,17.0,3219.5,1463.3054698106575,1330.0148168633782,0.751462981201569,8.94427190999916,0,0,0,0,8603.40435700228,613.2644729308828,670.4496400485924,0.13321285873283378,4.614604637115018,1006.5543543139927,613.034262097601,670.3388282932453,0.13365562659748384,1.395954318623216,0.05824202299118042,0.12407922744750977,0.07280253,0.12407923,-11.697964042946982,-12.20846783186013,0.14281457706214903,0.18428954485372304
200.0,200.0,D14_s2_x1_y0_Fluorescence_405_nm_Ex.tiff,D14_s2_x1_y0_Fluorescence_488_nm_Ex.tiff,D14_s2_x1_y0_Fluorescence_561_nm_Ex.tiff,D14_s2_x1_y0_Fluorescence_638_nm_Ex.tiff,D14_s2_x1_y0_Fluorescence_730_nm_Ex.tiff,12,15677.5,1136.3731028323002,998.4517283941709,0.7631505443616925,16.55294535724685,3137.0,1123.8281207279279,984.7652323126295,0.7568975171475706,8.687811927781759,0,0,0,0,5939.394375588727,712.7594625248634,677.3963160089503,0.1307721698724754,3.76574827757409,836.1514658840227,712.9422389950211,675.6339085683912,0.13176376043724253,1.2015788009279427,0.056777346134185794,0.11947645246982574,0.07097168,0.11947645,-11.59635338079995,-12.2134539870712,0.13639253021900177,0.1984325861501217
173.0,173.0,D16_s1_x0_y0_Fluorescence_405_nm_Ex.tiff,D16_s1_x0_y0_Fluorescence_488_nm_Ex.tiff,D16_s1_x0_y0_Fluorescence_561_nm_Ex.tiff,D16_s1_x0_y0_Fluorescence_638_nm_Ex.tiff,D16_s1_x0_y0_Fluorescence_730_nm_Ex.tiff,13,15599.0,1249.089852558543,1112.3058723140175,0.76219038756192,16.55294535724685,2953.0,1249.3721755971594,1116.1843093093094,0.7742586673372153,8.54400374531753,0,0,0,0,5592.983528467399,694.7688806719285,580.7436177713187,0.14043402623631776,3.231669316201636,701.3904201185389,695.5053562008488,580.4629608869845,0.14169104735408333,1.0441880588981527,0.057014536857604985,0.12149764597415924,0.07126817,0.121497646,-11.63165401778988,-12.196239006993576,0.13343083072779596,0.18822831366939544
233.0,233.0,D16_s2_x1_y0_Fluorescence_405_nm_Ex.tiff,D16_s2_x1_y0_Fluorescence_488_nm_Ex.tiff,D16_s2_x1_y0_Fluorescence_561_nm_Ex.tiff,D16_s2_x1_y0_Fluorescence_638_nm_Ex.tiff,D16_s2_x1_y0_Fluorescence_730_nm_Ex.tiff,14,15592.0,1166.513369808122,1138.4412838399537,0.772227077177229,16.1245154965971,3015.0,1155.1326842837275,1140.4924653405667,0.7788681919061339,8.54400374531753,0,0,0,0,6323.725841819833,695.2008984796228,652.9647569427538,0.13256526838363075,3.7976625670623645,922.7876387401229,695.7647605341623,652.5521534008133,0.12242003803452765,1.259761754148572,0.0584378719329834,0.1209520548582077,0.07304734,0.120952055,-11.698661611212867,-12.190493437588936,0.1653109124538231,0.21703835338389396
25.0,25.0,E03_s1_x0_y0_Fluorescence_405_nm_Ex.tiff,E03_s1_x0_y0_Fluorescence_488_nm_Ex.tiff,E03_s1_x0_y0_Fluorescence_561_nm_Ex.tiff,E03_s1_x0_y0_Fluorescence_638_nm_Ex.tiff,E03_s1_x0_y0_Fluorescence_730_nm_Ex.tiff,15,41830.0,1006.0343212490077,1018.7107394132483,0.7339779416626512,27.730849247724095,5545.0,1038.2319417980252,964.1461945342345,0.793505970717737,11.180339887498949,0,0,0,0,11095.707765005349,678.7003303374896,699.2579512836928,0.14288624815222264,6.801704729449092,866.1318643255195,673.6692105628349,698.5488421168651,0.13633282953627338,0.7661066740863944,0.0546417236328125,0.09651565551757812,0.068302155,0.096515656,-11.281704732099278,-11.897717467105059,0.06865413508101165,0.07585250164747714
30.0,30.0,E03_s2_x1_y0_Fluorescence_405_nm_Ex.tiff,E03_s2_x1_y0_Fluorescence_488_nm_Ex.tiff,E03_s2_x1_y0_Fluorescence_561_nm_Ex.tiff,E03_s2_x1_y0_Fluorescence_638_nm_Ex.tiff,E03_s2_x1_y0_Fluorescence_730_nm_Ex.tiff,16,48142.0,1427.0830416893655,1320.3214122192958,0.733703994188616,26.509256086106298,5290.5,1393.313964059481,1302.998605928457,0.8060339313805145,11.090169943749475,0,0,0,0,16211.873651706297,681.1363115866867,665.9938885744149,0.16381057187456124,5.790078118120832,1171.8909884835232,678.8610297717507,672.2867857375691,0.10324347141747618,1.4369344948864269,0.05466068983078003,0.09649541229009628,0.06832586,0.09649541,-11.345690112891312,-11.874145392986883,0.077824403632164,0.09008587248666883
266.0,266.0,E23_s1_x0_y0_Fluorescence_405_nm_Ex.tiff,E23_s1_x0_y0_Fluorescence_488_nm_Ex.tiff,E23_s1_x0_y0_Fluorescence_561_nm_Ex.tiff,E23_s1_x0_y0_Fluorescence_638_nm_Ex.tiff,E23_s1_x0_y0_Fluorescence_730_nm_Ex.tiff,17,14786.0,1140.3492585230892,1085.2483109294628,0.7282443920699828,16.1245154965971,3000.5,1135.5989877319353,1083.4811226994384,0.7358258712192711,8.602325267042627,0,0,0,0,5470.137643531442,631.7479545486418,643.8238346721993,0.16229345365326134,3.3524786698754236,844.5708670778604,631.3523472123677,644.2450739412983,0.1278995785611163,1.2417069956186182,0.05546661615371704,0.12078408896923065,0.06933327,0.12078409,-11.753229568815337,-12.197906569504578,0.16558587767359495,0.24291040184814452
309.0,309.0,E23_s2_x1_y0_Fluorescence_405_nm_Ex.tiff,E23_s2_x1_y0_Fluorescence_488_nm_Ex.tiff,E23_s2_x1_y0_Fluorescence_561_nm_Ex.tiff,E23_s2_x1_y0_Fluorescence_638_nm_Ex.tiff,E23_s2_x1_y0_Fluorescence_730_nm_Ex.tiff,18,13592.0,1281.0556647697879,1130.9191807971813,0.7487720214384804,15.811388300841896,3196.0,1279.9897282968855,1126.829346092504,0.7292849842244237,8.94427190999916,0,0,0,0,5642.954120024335,648.1510472460475,651.3068810130121,0.1477634462339456,3.4053623823400088,856.131335721545,648.2554211045939,651.5102339994922,0.12191176872838734,1.1724753146624118,0.06133383512496948,0.12723487615585327,0.076667294,0.12723488,-11.930217394386895,-12.274404482663572,0.18225945699402094,0.2733996209152937
167.0,167.0,F02_s1_x0_y0_Fluorescence_405_nm_Ex.tiff,F02_s1_x0_y0_Fluorescence_488_nm_Ex.tiff,F02_s1_x0_y0_Fluorescence_561_nm_Ex.tiff,F02_s1_x0_y0_Fluorescence_638_nm_Ex.tiff,F02_s1_x0_y0_Fluorescence_730_nm_Ex.tiff,19,15593.0,1531.4996917385943,1504.0234612394884,0.7703322317317985,16.1245154965971,3084.0,1537.4686028257456,1501.419039401783,0.7653935988802314,8.94427190999916,0,0,0,0,5678.579018845842,609.9823246660766,672.7734677282014,0.13235472985480196,3.4153633740528306,919.1958758193351,609.3340820351268,673.3283280692657,0.14153988722014077,1.239471387934827,0.05784353017807007,0.11487144976854324,0.07230441,0.11487145,-11.728706818977193,-12.12524129888034,0.1318341585060251,0.1972530720595932
222.0,222.0,F02_s2_x1_y0_Fluorescence_405_nm_Ex.tiff,F02_s2_x1_y0_Fluorescence_488_nm_Ex.tiff,F02_s2_x1_y0_Fluorescence_561_nm_Ex.tiff,F02_s2_x1_y0_Fluorescence_638_nm_Ex.tiff,F02_s2_x1_y0_Fluorescence_730_nm_Ex.tiff,20,16202.0,1331.6683163312257,1093.9420628762734,0.7634196263533175,16.76305461424021,3137.5,1335.7557084972718,1094.036009979329,0.7752264378564183,8.94427190999916,0,0,0,0,5659.971627797207,646.0096787894604,634.5176338793855,0.13312671607424528,3.3983845047475785,807.4328472236863,645.6459642785197,634.7217071675835,0.12411609656643838,1.1413640327155818,0.05787945985794068,0.12004934996366501,0.072349325,0.12004935,-11.693193412088167,-12.117555792611451,0.15584985184341668,0.24635513012788057
211.0,211.0,F09_s1_x0_y0_Fluorescence_405_nm_Ex.tiff,F09_s1_x0_y0_Fluorescence_488_nm_Ex.tiff,F09_s1_x0_y0_Fluorescence_561_nm_Ex.tiff,F09_s1_x0_y0_Fluorescence_638_nm_Ex.tiff,F09_s1_x0_y0_Fluorescence_730_nm_Ex.tiff,21,16245.0,1404.7784671151232,1286.9366358982627,0.7628621285084971,16.97056274847714,3241.0,1386.7932157394844,1265.3711340206185,0.7516288501023347,8.94427190999916,0,0,0,0,6496.70234898706,680.546128826653,680.1587934357607,0.14070572807408507,4.057949962020573,977.7667916401426,681.1537764037234,681.8679592927625,0.13723800154372873,1.3991287917394342,0.0569594144821167,0.12573333084583282,0.07119927,0.12573333,-11.50295469879358,-12.061534926748154,0.1316355777703154,0.2164861386881256
234.0,234.0,F09_s2_x1_y0_Fluorescence_405_nm_Ex.tiff,F09_s2_x1_y0_Fluorescence_488_nm_Ex.tiff,F09_s2_x1_y0_Fluorescence_561_nm_Ex.tiff,F09_s2_x1_y0_Fluorescence_638_nm_Ex.tiff,F09_s2_x1_y0_Fluorescence_730_nm_Ex.tiff,22,15970.5,1348.7909790744407,1154.2949754504898,0.7457482690275906,17.0,3166.5,1355.8380044693035,1140.94009729559,0.7781130186283003,8.94427190999916,0,0,0,0,5759.527042997701,616.7237261868594,628.6229540513725,0.14367902317196576,3.2542158190408497,767.228063104135,616.9719828915238,628.7237197475064,0.13519370370205633,1.1196487367687031,0.0564005970954895,0.12155032157897949,0.07050075,0.12155032,-11.654983401908208,-12.123761197812852,0.15655908484481573,0.2210315761205673
37.0,37.0,F13_s1_x0_y0_Fluorescence_405_nm_Ex.tiff,F13_s1_x0_y0_Fluorescence_488_nm_Ex.tiff,F13_s1_x0_y0_Fluorescence_561_nm_Ex.tiff,F13_s1_x0_y0_Fluorescence_638_nm_Ex.tiff,F13_s1_x0_y0_Fluorescence_730_nm_Ex.tiff,23,22726.0,1199.5946923265506,998.4483074549137,0.6737377069648541,21.18962010041709,4635.0,1218.3902124919512,993.9916507218646,0.7015856820459443,10.0,0,0,0,0,12109.08976974994,533.5945777218816,721.8731040513668,0.14294856366310688,6.167361887195017,2003.1507052618965,533.0108961078843,724.8623505031591,0.19408980313861987,1.839905441683678,0.059622454643249514,0.10447262227535248,0.07452807,0.10447262,-11.704382758803707,-12.138574714471336,0.09014985412455559,0.08784415009069443
32.0,32.0,F13_s2_x1_y0_Fluorescence_405_nm_Ex.tiff,F13_s2_x1_y0_Fluorescence_488_nm_Ex.tiff,F13_s2_x1_y0_Fluorescence_561_nm_Ex.tiff,F13_s2_x1_y0_Fluorescence_638_nm_Ex.tiff,F13_s2_x1_y0_Fluorescence_730_nm_Ex.tiff,24,21355.5,1455.2461138893077,783.0010664934186,0.7312120652644787,19.06563538249162,4973.5,1475.6017453804034,766.7054777104579,0.6976315030234731,9.219544457292887,0,0,0,0,10255.089748510249,655.2032848376242,617.6474156896501,0.16163187433234563,5.875634175689352,2096.9416026587237,655.1174837989442,617.9920664836029,0.16619724799400057,2.107772799580938,0.059599459171295166,0.10352374613285065,0.074499324,0.103523746,-11.789241462142927,-12.0915047087725,0.07378321535425425,0.07631841934188843
245.0,245.0,G06_s1_x0_y0_Fluorescence_405_nm_Ex.tiff,G06_s1_x0_y0_Fluorescence_488_nm_Ex.tiff,G06_s1_x0_y0_Fluorescence_561_nm_Ex.tiff,G06_s1_x0_y0_Fluorescence_638_nm_Ex.tiff,G06_s1_x0_y0_Fluorescence_730_nm_Ex.tiff,25,15389.0,1203.1434668586414,1420.5953724247227,0.7493336199477373,16.64331697709324,3119.0,1211.2190358467244,1419.2812617348854,0.7505670660617921,8.602325267042627,0,0,0,0,5035.106623098712,692.0205666809383,679.4661567011418,0.1380873621306952,3.0774898315749164,885.9099016186254,692.2508639053167,678.5863466540338,0.13243646858918717,1.2418919777792803,0.062310636043548584,0.12394080311059952,0.077888295,0.1239408,-11.66510546300092,-12.179746037861992,0.15750486512391568,0.24217019086070538
5.0,5.0,G06_s2_x1_y0_Fluorescence_405_nm_Ex.tiff,G06_s2_x1_y0_Fluorescence_488_nm_Ex.tiff,G06_s2_x1_y0_Fluorescence_561_nm_Ex.tiff,G06_s2_x1_y0_Fluorescence_638_nm_Ex.tiff,G06_s2_x1_y0_Fluorescence_730_nm_Ex.tiff,26,195905.0,677.7923891682193,1082.9349683108294,0.6429555274664079,62.93647591023825,2332.0,742.5463121783877,1226.5996691480561,0.7234478145508181,5.0990195135927845,0,0,0,0,180724.47423257318,567.8189632673121,433.23967542983996,0.11311646978303067,28.60365544275455,2812.411164819255,608.0923407394466,534.976192197103,0.13005880510255868,2.273272403856444,0.06939817667007446,0.06496717780828476,0.08674772,0.06496718,-12.22445986327337,-12.20004349689154,0.08244813926937103,0.13658118267450334
63.0,63.0,G12_s1_x0_y0_Fluorescence_405_nm_Ex.tiff,G12_s1_x0_y0_Fluorescence_488_nm_Ex.tiff,G12_s1_x0_y0_Fluorescence_561_nm_Ex.tiff,G12_s1_x0_y0_Fluorescence_638_nm_Ex.tiff,G12_s1_x0_y0_Fluorescence_730_nm_Ex.tiff,27,51614.0,1303.0356000724069,1234.0501903772931,0.7524232408726,29.966648127543394,5905.0,1283.6357066381156,1251.568105295378,0.826693771588947,11.704699910719626,0,0,0,0,14047.606767459434,612.9391198009369,625.2749757758828,0.14387197524155082,5.515454129175255,1713.6488909756133,613.7043332861996,627.3247527295052,0.11986886943904841,1.8920130405845599,0.05827244520187378,0.09964872896671295,0.07284056,0.09964873,-11.638223883448124,-11.921037170448574,0.12658478286691785,0.12737275136327744
46.0,46.0,G12_s2_x1_y0_Fluorescence_405_nm_Ex.tiff,G12_s2_x1_y0_Fluorescence_488_nm_Ex.tiff,G12_s2_x1_y0_Fluorescence_561_nm_Ex.tiff,G12_s2_x1_y0_Fluorescence_638_nm_Ex.tiff,G12_s2_x1_y0_Fluorescence_730_nm_Ex.tiff,28,51498.0,1253.7289978142485,1264.4833145922737,0.747543567119789,28.160255680657446,5339.5,1248.9886021657676,1295.419783668292,0.8236227687202808,11.090169943749475,0,0,0,0,17369.79547477571,618.593395655836,588.0676572568735,0.14304723249403817,6.621061402157591,1811.4013066578632,617.3797186406676,588.1690283167451,0.08230602903270687,2.0161942800094006,0.054924535751342776,0.09732306003570557,0.06865567,0.09732306,-11.731538558633801,-11.911437688078994,0.10715215664678335,0.11196680322568656
291.0,291.0,G14_s1_x0_y0_Fluorescence_405_nm_Ex.tiff,G14_s1_x0_y0_Fluorescence_488_nm_Ex.tiff,G14_s1_x0_y0_Fluorescence_561_nm_Ex.tiff,G14_s1_x0_y0_Fluorescence_638_nm_Ex.tiff,G14_s1_x0_y0_Fluorescence_730_nm_Ex.tiff,29,13696.0,1422.507544775067,1145.4011561518698,0.7402743971214198,15.811388300841896,2927.0,1424.2432524769388,1142.0297973778308,0.7590298222421211,8.48528137423857,0,0,0,0,5241.838853406831,682.2669141535577,677.8158959867061,0.15631041022203257,3.236520013551186,897.2477891263758,682.4138855997386,678.5825851186303,0.13175968218711423,1.276189353067159,0.06000766754150391,0.1267339140176773,0.075009584,0.12673391,-11.728537649352411,-12.22501387277127,0.15884150901682376,0.24012036772806644
258.0,258.0,G14_s2_x1_y0_Fluorescence_405_nm_Ex.tiff,G14_s2_x1_y0_Fluorescence_488_nm_Ex.tiff,G14_s2_x1_y0_Fluorescence_561_nm_Ex.tiff,G14_s2_x1_y0_Fluorescence_638_nm_Ex.tiff,G14_s2_x1_y0_Fluorescence_730_nm_Ex.tiff,30,14637.0,1102.127071942095,1107.3072757722193,0.7605756185601134,16.07786751923925,3039.0,1113.726796504864,1105.0689965244392,0.7671439976688801,8.54400374531753,0,0,0,0,6231.099097051355,631.7078775881495,664.9225775820154,0.14224501149525912,3.5128353889923627,859.2670937870462,631.5342573043691,665.9224778512407,0.13441344899001684,1.204096018987232,0.058558642864227295,0.12479338049888611,0.0731983,0.12479338,-11.664727380253836,-12.294803491349384,0.16012983680791618,0.23803666712755203
243.0,243.0,H08_s1_x0_y0_Fluorescence_405_nm_Ex.tiff,H08_s1_x0_y0_Fluorescence_488_nm_Ex.tiff,H08_s1_x0_y0_Fluorescence_561_nm_Ex.tiff,H08_s1_x0_y0_Fluorescence_638_nm_Ex.tiff,H08_s1_x0_y0_Fluorescence_730_nm_Ex.tiff,31,15583.0,1319.1647518176105,1253.1598114547685,0.741671113238975,16.492422502470642,3146.0,1312.118996222342,1228.4326474622771,0.7629695196852523,8.602325267042627,0,0,0,0,5641.382781866899,691.1858839231675,678.2950093468561,0.15151895016206998,3.64372501076863,804.9787403882759,691.6976540798936,678.5782995578832,0.129963151938167,1.1312863085838831,0.06216458082199097,0.1292850375175476,0.077705726,0.12928504,-11.693074710891025,-12.19438963073523,0.14996490289398193,0.23961642105937003
272.0,272.0,H08_s2_x1_y0_Fluorescence_405_nm_Ex.tiff,H08_s2_x1_y0_Fluorescence_488_nm_Ex.tiff,H08_s2_x1_y0_Fluorescence_561_nm_Ex.tiff,H08_s2_x1_y0_Fluorescence_638_nm_Ex.tiff,H08_s2_x1_y0_Fluorescence_730_nm_Ex.tiff,32,14505.0,1136.6830267309465,1349.9157095215319,0.7310900580802849,16.0156097709407,2969.5,1146.1171678799735,1352.8259431469164,0.7425223726108683,8.54400374531753,0,0,0,0,5265.170603522671,693.4716055558836,628.6047468150844,0.14448139975664345,3.2818739214059796,832.0763071466417,694.1502691555842,628.5107924561785,0.1238253843482642,1.1574034458154954,0.06094552278518677,0.12863373756408691,0.0761819,0.12863374,-11.688962632075384,-12.150112709339647,0.1636988133460295,0.24849437597503662
268.0,268.0,H11_s1_x0_y0_Fluorescence_405_nm_Ex.tiff,H11_s1_x0_y0_Fluorescence_488_nm_Ex.tiff,H11_s1_x0_y0_Fluorescence_561_nm_Ex.tiff,H11_s1_x0_y0_Fluorescence_638_nm_Ex.tiff,H11_s1_x0_y0_Fluorescence_730_nm_Ex.tiff,33,16187.5,1246.5263321923599,1184.5052711840758,0.7314701911401227,17.029386365926403,3102.0,1248.7255589513923,1183.8639605451604,0.7553332345692922,8.94427190999916,0,0,0,0,5717.605246215014,706.1927512712559,679.0661975608506,0.13548731755861443,3.388416875084774,845.756332556139,706.56979526087,679.4575908464254,0.1230931606501306,1.2299006771404881,0.06819443702697754,0.12890249490737915,0.08524305,0.1289025,-11.800641014063046,-12.195457419159824,0.15570682221372842,0.23137097022856712
274.0,274.0,H11_s2_x1_y0_Fluorescence_405_nm_Ex.tiff,H11_s2_x1_y0_Fluorescence_488_nm_Ex.tiff,H11_s2_x1_y0_Fluorescence_561_nm_Ex.tiff,H11_s2_x1_y0_Fluorescence_638_nm_Ex.tiff,H11_s2_x1_y0_Fluorescence_730_nm_Ex.tiff,34,13882.0,1147.51884915158,984.9679894043603,0.7499479395711733,15.811388300841896,3056.5,1139.980595384191,982.7164475542413,0.764998350620729,8.54400374531753,0,0,0,0,6001.633013263675,660.2202669994141,663.8547863004912,0.1344978091209161,3.7535631641708216,845.7422780960096,661.4965602963707,663.8779542922114,0.13378717443626384,1.2868468330365774,0.06055663824081421,0.12175562977790833,0.0756958,0.12175563,-11.648697323274947,-12.267220046772994,0.1677538976718998,0.24271949936814546
56.0,56.0,H17_s1_x0_y0_Fluorescence_405_nm_Ex.tiff,H17_s1_x0_y0_Fluorescence_488_nm_Ex.tiff,H17_s1_x0_y0_Fluorescence_561_nm_Ex.tiff,H17_s1_x0_y0_Fluorescence_638_nm_Ex.tiff,H17_s1_x0_y0_Fluorescence_730_nm_Ex.tiff,35,15449.0,1000.289955547859,1178.7351400224934,0.673866813907231,16.5,3800.0,1005.6092727352,1176.586808719967,0.6972002895125506,8.48528137423857,0,0,0,0,11336.513589593058,737.1380024793232,636.4265802577484,0.19679475362942112,6.657501728491455,1911.1389127631594,735.4864707262997,635.9863131519684,0.17364566973254392,2.0306915696140124,0.06368948817253113,0.11262457817792892,0.07961186,0.11262458,-11.897343818949391,-12.097717212413663,0.11796946140496016,0.1127426746391058
55.0,55.0,H17_s2_x1_y0_Fluorescence_405_nm_Ex.tiff,H17_s2_x1_y0_Fluorescence_488_nm_Ex.tiff,H17_s2_x1_y0_Fluorescence_561_nm_Ex.tiff,H17_s2_x1_y0_Fluorescence_638_nm_Ex.tiff,H17_s2_x1_y0_Fluorescence_730_nm_Ex.tiff,36,20808.0,1145.3989801808737,1491.9232480533926,0.7400923674757567,19.026297590440446,4667.0,1162.5423563777995,1496.7656170212765,0.7142729740582169,9.219544457292887,0,0,0,0,11101.461601545021,673.5423488831061,743.5983200142783,0.15659120956730604,6.170856631701194,2091.011879212613,677.7074129650134,745.6703115810155,0.1475221697356825,1.9467798594596668,0.06100000143051148,0.10565172880887985,0.07625,0.10565173,-11.707980535212833,-12.205017110708363,0.10656505211924552,0.1205630320261383
274.0,274.0,H19_s1_x0_y0_Fluorescence_405_nm_Ex.tiff,H19_s1_x0_y0_Fluorescence_488_nm_Ex.tiff,H19_s1_x0_y0_Fluorescence_561_nm_Ex.tiff,H19_s1_x0_y0_Fluorescence_638_nm_Ex.tiff,H19_s1_x0_y0_Fluorescence_730_nm_Ex.tiff,37,12950.0,1454.6373306530422,1002.2203080355187,0.757086713843494,15.033296378372908,2894.0,1459.4040979097526,1002.8807086935158,0.7376568167424846,8.48528137423857,0,0,0,0,6214.65084417273,692.0854975840161,674.8468263010485,0.13082036069536357,3.7929679739385134,1008.0211532169003,693.57008023879,675.7220919133883,0.13687739060285362,1.3591495007204966,0.06231269836425782,0.12688922882080078,0.07789087,0.12688923,-11.72886765093429,-12.287616367434534,0.1708019810420412,0.23932776079546927
245.0,245.0,H19_s2_x1_y0_Fluorescence_405_nm_Ex.tiff,H19_s2_x1_y0_Fluorescence_488_nm_Ex.tiff,H19_s2_x1_y0_Fluorescence_561_nm_Ex.tiff,H19_s2_x1_y0_Fluorescence_638_nm_Ex.tiff,H19_s2_x1_y0_Fluorescence_730_nm_Ex.tiff,38,15151.0,977.281654676259,1151.9231792484204,0.7529285246360481,16.55294535724685,3018.0,981.0080775444264,1166.6231187960295,0.7641677351290536,8.54400374531753,0,0,0,0,5262.778965225311,626.0750004435014,660.447761407554,0.14782087407587913,3.4594964555886087,789.3871942466825,626.4200495258199,660.6372665147496,0.1274512177764803,1.1556170685007057,0.059173870086669925,0.12533850967884064,0.07396734,0.12533851,-11.674955713249606,-12.159012644201903,0.16009928418640137,0.23345928661495208
211.0,211.0,I21_s1_x0_y0_Fluorescence_405_nm_Ex.tiff,I21_s1_x0_y0_Fluorescence_488_nm_Ex.tiff,I21_s1_x0_y0_Fluorescence_561_nm_Ex.tiff,I21_s1_x0_y0_Fluorescence_638_nm_Ex.tiff,I21_s1_x0_y0_Fluorescence_730_nm_Ex.tiff,39,15730.0,1110.3009789281566,1051.4770992366412,0.7593329856925553,16.76305461424021,3211.0,1107.7431623931625,1047.096923585842,0.7493604172940306,8.573164506180078,0,0,0,0,5860.481327597487,629.8116793668399,634.9252397566632,0.1312181247694511,3.4894757531453444,844.6821395608832,630.5861005973966,633.9060115289109,0.13853069139676483,1.1626402700260252,0.05783858895301819,0.1198706105351448,0.072298236,0.11987061,-11.56623649022535,-12.260906793785292,0.15826675948649882,0.22383527534562112
211.0,211.0,I21_s2_x1_y0_Fluorescence_405_nm_Ex.tiff,I21_s2_x1_y0_Fluorescence_488_nm_Ex.tiff,I21_s2_x1_y0_Fluorescence_561_nm_Ex.tiff,I21_s2_x1_y0_Fluorescence_638_nm_Ex.tiff,I21_s2_x1_y0_Fluorescence_730_nm_Ex.tiff,40,15467.0,1254.5168501039288,1225.4917160973614,0.7338034474881564,16.401219466856727,3224.0,1247.5973333333334,1249.3114973262032,0.7384784848699792,9.0,0,0,0,0,6205.098925542685,565.1409956299503,691.2400281815386,0.12801065768877726,3.4108737542876377,785.8032891195915,564.3818617812892,691.530301264926,0.1384171927786726,1.069479169402564,0.05616815090179444,0.12161670625209808,0.07021019,0.121616706,-11.675544371669274,-12.238513994929626,0.16188511716908216,0.22625308795440674
222.0,222.0,I23_s1_x0_y0_Fluorescence_405_nm_Ex.tiff,I23_s1_x0_y0_Fluorescence_488_nm_Ex.tiff,I23_s1_x0_y0_Fluorescence_561_nm_Ex.tiff,I23_s1_x0_y0_Fluorescence_638_nm_Ex.tiff,I23_s1_x0_y0_Fluorescence_730_nm_Ex.tiff,41,15519.5,1368.6350199268456,943.7381624135476,0.7744472116029144,16.217157508751608,3002.0,1357.2369128922269,931.9663220267776,0.7593109256783037,8.246211251235321,0,0,0,0,6221.813735369885,685.4503972389188,635.3524181255962,0.14956517517346224,3.9623804934062568,1018.0515438153333,686.2763202950683,635.292495372713,0.14814372917075266,1.5275666315651801,0.058226084709167486,0.11661739647388458,0.072782606,0.1166174,-11.769384304255226,-12.351103231123595,0.17084726667908906,0.23016696296069622
260.0,260.0,I23_s2_x1_y0_Fluorescence_405_nm_Ex.tiff,I23_s2_x1_y0_Fluorescence_488_nm_Ex.tiff,I23_s2_x1_y0_Fluorescence_561_nm_Ex.tiff,I23_s2_x1_y0_Fluorescence_638_nm_Ex.tiff,I23_s2_x1_y0_Fluorescence_730_nm_Ex.tiff,42,14136.5,1271.5668173490244,1224.3555757115064,0.7418967690828779,15.636487597155918,2809.0,1267.7905764156326,1222.1205715454507,0.7240341065317069,8.06225774829855,0,0,0,0,6699.07303113603,654.964305898137,695.8705879932386,0.14673893505334926,4.156765863099444,1005.5588217621428,654.7708120575378,695.9744409771023,0.1393571518114362,1.552573708398644,0.057728773355484014,0.11545906960964203,0.07216097,0.11545907,-11.773923114909131,-12.271629727677649,0.1914324494621086,0.23716769459895612
234.0,234.0,J04_s1_x0_y0_Fluorescence_405_nm_Ex.tiff,J04_s1_x0_y0_Fluorescence_488_nm_Ex.tiff,J04_s1_x0_y0_Fluorescence_561_nm_Ex.tiff,J04_s1_x0_y0_Fluorescence_638_nm_Ex.tiff,J04_s1_x0_y0_Fluorescence_730_nm_Ex.tiff,43,15218.0,1064.7107839435653,1283.5439747236874,0.7357695916094233,16.703185795666727,3096.5,1079.4268846482796,1288.3454693463304,0.7543768229906314,8.94427190999916,0,0,0,0,5429.433931174459,638.5686685358319,668.7122908415147,0.13158548248353996,3.190912343370663,810.7939089685572,638.916881300924,669.2332287102961,0.1347402331401305,1.1085819533407328,0.06026777029037476,0.12595537304878235,0.07533471,0.12595537,-11.529370864266046,-12.28979189191621,0.14999806190417111,0.24271611522705078
135.0,135.0,J04_s2_x1_y0_Fluorescence_405_nm_Ex.tiff,J04_s2_x1_y0_Fluorescence_488_nm_Ex.tiff,J04_s2_x1_y0_Fluorescence_561_nm_Ex.tiff,J04_s2_x1_y0_Fluorescence_638_nm_Ex.tiff,J04_s2_x1_y0_Fluorescence_730_nm_Ex.tiff,44,15276.0,1155.216680032077,1125.942805100182,0.7665419849444548,16.1245154965971,2985.0,1152.5325464949929,1119.7742323901264,0.7285478338997041,8.54400374531753,0,0,0,0,6027.495090309382,600.648352525488,647.2443268054033,0.1264730514626428,3.6969452035187462,850.2868175496816,599.450572258256,648.3446061560481,0.12612754226482376,1.2258506018204993,0.054917895793914796,0.12028144299983978,0.06864737,0.12028144,-11.532126305034947,-12.073308766864063,0.10108055244684219,0.1750350787003517
243.0,243.0,J08_s1_x0_y0_Fluorescence_405_nm_Ex.tiff,J08_s1_x0_y0_Fluorescence_488_nm_Ex.tiff,J08_s1_x0_y0_Fluorescence_561_nm_Ex.tiff,J08_s1_x0_y0_Fluorescence_638_nm_Ex.tiff,J08_s1_x0_y0_Fluorescence_730_nm_Ex.tiff,45,15604.0,1382.4866837266609,1256.3743250923558,0.7579468906497918,16.278820596099706,3173.0,1387.0231819625278,1239.9789669038046,0.7728283067255235,8.94427190999916,0,0,0,0,5418.974184000335,664.8976322661132,634.064813197,0.1412446308921834,3.374730525474197,820.1216786238606,665.0729000498086,634.3876388567835,0.12570860622802407,1.19193079351283,0.057206475734710695,0.12552614510059357,0.071508095,0.12552615,-11.691315343436052,-12.216329087426349,0.15290487114606857,0.24315082480892658
214.0,214.0,J08_s2_x1_y0_Fluorescence_405_nm_Ex.tiff,J08_s2_x1_y0_Fluorescence_488_nm_Ex.tiff,J08_s2_x1_y0_Fluorescence_561_nm_Ex.tiff,J08_s2_x1_y0_Fluorescence_638_nm_Ex.tiff,J08_s2_x1_y0_Fluorescence_730_nm_Ex.tiff,46,16532.5,1267.8775357304394,1053.1741522948296,0.7648229850133963,17.05869692828073,3142.0,1275.421372153994,1050.7347772023163,0.7606845778489637,8.94427190999916,0,0,0,0,6026.504818324666,640.0659306665935,664.4680883615192,0.13139023829664373,3.39784763120149,790.8077171403229,640.5006281107886,665.1535196891209,0.13340394999841512,1.1088774558886052,0.05815658569335938,0.12389485538005829,0.07269573,0.123894855,-11.66023782629317,-12.234177456796278,0.15754685873747945,0.2274931410145378
85.0,85.0,K07_s1_x0_y0_Fluorescence_405_nm_Ex.tiff,K07_s1_x0_y0_Fluorescence_488_nm_Ex.tiff,K07_s1_x0_y0_Fluorescence_561_nm_Ex.tiff,K07_s1_x0_y0_Fluorescence_638_nm_Ex.tiff,K07_s1_x0_y0_Fluorescence_730_nm_Ex.tiff,47,14943.0,1169.701690302249,1167.4037641386983,0.8134162285740744,15.556349186104045,3011.0,1177.856206088993,1166.8226148409894,0.7697427635249611,8.54400374531753,0,0,0,0,6363.898360146074,592.8166757041374,704.9445204867785,0.12415538465886815,3.551424860792466,715.3317879012556,594.5257361626469,705.7985833691964,0.12724623316249664,1.0247585688044112,0.05343831777572632,0.11371667683124542,0.0667979,0.11371668,-11.561258407936373,-11.982816321450382,0.08593767889937162,0.12450211042329669
155.0,155.0,K07_s2_x1_y0_Fluorescence_405_nm_Ex.tiff,K07_s2_x1_y0_Fluorescence_488_nm_Ex.tiff,K07_s2_x1_y0_Fluorescence_561_nm_Ex.tiff,K07_s2_x1_y0_Fluorescence_638_nm_Ex.tiff,K07_s2_x1_y0_Fluorescence_730_nm_Ex.tiff,48,16868.0,1202.8033542071546,1160.6737504674063,0.7594630171747273,16.64331697709324,3212.0,1185.9297820823244,1162.383588317107,0.7727605872995299,8.94427190999916,0,0,0,0,6924.076118550682,692.9219054125614,708.793799404586,0.1285091939852742,3.543151422592101,978.6836329704963,693.8296059441835,709.6369665510924,0.1388192819294632,1.2520998886663877,0.05589486956596375,0.11650998145341873,0.06986859,0.11650998,-11.613528819459752,-12.033681936773153,0.1311887119096732,0.18029134986300469
135.0,135.0,K13_s1_x0_y0_Fluorescence_405_nm_Ex.tiff,K13_s1_x0_y0_Fluorescence_488_nm_Ex.tiff,K13_s1_x0_y0_Fluorescence_561_nm_Ex.tiff,K13_s1_x0_y0_Fluorescence_638_nm_Ex.tiff,K13_s1_x0_y0_Fluorescence_730_nm_Ex.tiff,49,16980.0,1333.2784331456287,1344.208022239873,0.7791533443262846,16.278820596099706,3289.0,1345.8113714006834,1344.9670083279948,0.7959133645692241,8.94427190999916,0,0,0,0,5712.925197354016,708.0369961814473,693.7455314563567,0.1407224176667633,3.17882629352241,631.5691528583783,708.1764650164259,694.4374370067447,0.1278257285294051,0.9214228406381292,0.053752684593200685,0.1218830943107605,0.067190856,0.121883094,-11.637743817039517,-12.057871084468147,0.108853019780159,0.1619433612326479
236.0,236.0,K13_s2_x1_y0_Fluorescence_405_nm_Ex.tiff,K13_s2_x1_y0_Fluorescence_488_nm_Ex.tiff,K13_s2_x1_y0_Fluorescence_561_nm_Ex.tiff,K13_s2_x1_y0_Fluorescence_638_nm_Ex.tiff,K13_s2_x1_y0_Fluorescence_730_nm_Ex.tiff,50,16245.5,1236.1454039803345,1147.869131564923,0.7402597513104898,17.05869692828073,3148.0,1237.2525105494537,1140.7957793738406,0.7562568880469351,8.94427190999916,0,0,0,0,6027.979134721009,694.1874763276168,639.081865519799,0.13192017597842404,3.5948670648154075,808.3057117646508,695.2178905275446,639.289584826956,0.1271607795372715,1.1313268638307215,0.058681833744049075,0.13033172488212585,0.07335229,0.13033172,-11.726200774199857,-12.258917499713107,0.1648571947719598,0.23045699259870528
58.0,58.0,K17_s1_x0_y0_Fluorescence_405_nm_Ex.tiff,K17_s1_x0_y0_Fluorescence_488_nm_Ex.tiff,K17_s1_x0_y0_Fluorescence_561_nm_Ex.tiff,K17_s1_x0_y0_Fluorescence_638_nm_Ex.tiff,K17_s1_x0_y0_Fluorescence_730_nm_Ex.tiff,51,49906.5,1303.4275770546844,1308.8856193713739,0.7447381903531378,28.354806027282848,5921.5,1316.474585621408,1280.3896744910983,0.7995324537179402,12.0,0,0,0,0,14476.30033471248,602.2966885488511,541.7822309989707,0.15878255695691412,5.531751657827401,1442.813879405941,604.5957310573466,541.2231728331319,0.0718375726835654,1.5955000617438597,0.05608092546463013,0.0997636467218399,0.07010116,0.09976365,-11.507181454292457,-11.964301417496642,0.1268170412738323,0.1316048711655748
70.0,70.0,K17_s2_x1_y0_Fluorescence_405_nm_Ex.tiff,K17_s2_x1_y0_Fluorescence_488_nm_Ex.tiff,K17_s2_x1_y0_Fluorescence_561_nm_Ex.tiff,K17_s2_x1_y0_Fluorescence_638_nm_Ex.tiff,K17_s2_x1_y0_Fluorescence_730_nm_Ex.tiff,52,45146.0,1095.5613106531587,1029.3696086763484,0.7380307826226193,28.4517121240856,5791.0,1105.0686158204626,1020.1364060550618,0.8077309015142551,11.683301850205114,0,0,0,0,15931.927856012391,616.1359456576198,564.001805331022,0.14733219696508262,6.505910451438291,1629.795140813841,617.3649018729952,563.2012029993873,0.1081955395716751,1.8080147176660324,0.05704274773597717,0.10448738187551498,0.071303435,0.10448738,-11.611809200025245,-12.0262618017715,0.14714201284563125,0.14142867114277483
194.0,194.0,L02_s1_x0_y0_Fluorescence_405_nm_Ex.tiff,L02_s1_x0_y0_Fluorescence_488_nm_Ex.tiff,L02_s1_x0_y0_Fluorescence_561_nm_Ex.tiff,L02_s1_x0_y0_Fluorescence_638_nm_Ex.tiff,L02_s1_x0_y0_Fluorescence_730_nm_Ex.tiff,53,15367.0,1120.333829402589,1117.185733282831,0.7516665602871202,16.278820596099706,3055.0,1110.5378136316258,1103.8052149950647,0.7575998797934828,8.54400374531753,0,0,0,0,5538.2806039551115,652.2242697148284,644.438116679771,0.15406589630358516,3.297726743281266,742.5528725414121,652.452468274531,645.8030057275732,0.1356471886406131,1.071875945133488,0.05811912417411805,0.12198218703269958,0.072648905,0.12198219,-11.659576214276086,-12.085006534913056,0.13566483675710858,0.21871503467921735
287.0,287.0,L02_s2_x1_y0_Fluorescence_405_nm_Ex.tiff,L02_s2_x1_y0_Fluorescence_488_nm_Ex.tiff,L02_s2_x1_y0_Fluorescence_561_nm_Ex.tiff,L02_s2_x1_y0_Fluorescence_638_nm_Ex.tiff,L02_s2_x1_y0_Fluorescence_730_nm_Ex.tiff,54,13752.0,1159.7938713570045,1019.6260962566845,0.7383230761920698,15.811388300841896,3114.0,1153.8354858548585,1024.0553660456574,0.7498025940742804,8.94427190999916,0,0,0,0,5045.327844176935,681.1912139994121,607.552317028632,0.1408661886403522,3.3106839636349026,870.6224553852544,681.1845527492405,607.4549733183242,0.14040734034263974,1.2643005245944101,0.06273350119590759,0.12376967072486877,0.07841688,0.12376967,-11.711772922122309,-12.300600888153102,0.179875451090042,0.27012125751993177
290.0,290.0,L10_s1_x0_y0_Fluorescence_405_nm_Ex.tiff,L10_s1_x0_y0_Fluorescence_488_nm_Ex.tiff,L10_s1_x0_y0_Fluorescence_561_nm_Ex.tiff,L10_s1_x0_y0_Fluorescence_638_nm_Ex.tiff,L10_s1_x0_y0_Fluorescence_730_nm_Ex.tiff,55,13899.5,935.7417727974469,1051.1516428109412,0.7367243941066,16.0312195418814,3130.5,932.9946504151092,1068.0162157010204,0.746165255844137,8.94427190999916,0,0,0,0,5733.280079336896,652.985810254019,663.2856991749131,0.14196618828042984,3.636798131442495,866.2131787947567,653.6071191875063,663.221390482258,0.13169079869681988,1.2702773382018104,0.05997473597526551,0.1262662410736084,0.07496842,0.12626624,-11.845443182293227,-12.303918200377407,0.1825651528442341,0.2443894388632655
221.0,221.0,L10_s2_x1_y0_Fluorescence_405_nm_Ex.tiff,L10_s2_x1_y0_Fluorescence_488_nm_Ex.tiff,L10_s2_x1_y0_Fluorescence_561_nm_Ex.tiff,L10_s2_x1_y0_Fluorescence_638_nm_Ex.tiff,L10_s2_x1_y0_Fluorescence_730_nm_Ex.tiff,56,14289.0,1373.8873213518984,973.0096527238434,0.7541878695643335,16.1245154965971,3093.0,1373.5963091118801,967.5075649443335,0.7700755283216271,8.54400374531753,0,0,0,0,5475.0293637810055,705.651130524371,661.9200168683691,0.14211092580502827,3.390034092997238,821.5488405505561,706.6215129640286,661.5678612576958,0.13390618813331162,1.224071236589425,0.05408029556274414,0.11699574440717697,0.06760037,0.116995744,-11.576213115339815,-12.116732645650675,0.13577862149838923,0.20917532491284846
45.0,45.0,L14_s1_x0_y0_Fluorescence_405_nm_Ex.tiff,L14_s1_x0_y0_Fluorescence_488_nm_Ex.tiff,L14_s1_x0_y0_Fluorescence_561_nm_Ex.tiff,L14_s1_x0_y0_Fluorescence_638_nm_Ex.tiff,L14_s1_x0_y0_Fluorescence_730_nm_Ex.tiff,57,31200.0,1337.569246581891,1358.6993680884675,0.7889324804880293,22.02271554554524,4336.0,1325.991366906475,1383.3223209793728,0.8068653560206573,10.44030650891055,0,0,0,0,13085.446084962832,595.3853659406299,705.4896018267063,0.14591300038595686,6.9837862136529605,1284.4086050363248,591.2731627307035,713.9449229429373,0.11275572078627437,1.682858027728164,0.053876799345016484,0.11041860282421112,0.067346,0.1104186,-11.609618007705798,-11.802719620293448,0.09470886762771011,0.09213527746585608
37.0,37.0,L14_s2_x1_y0_Fluorescence_405_nm_Ex.tiff,L14_s2_x1_y0_Fluorescence_488_nm_Ex.tiff,L14_s2_x1_y0_Fluorescence_561_nm_Ex.tiff,L14_s2_x1_y0_Fluorescence_638_nm_Ex.tiff,L14_s2_x1_y0_Fluorescence_730_nm_Ex.tiff,58,34246.0,1758.8978929973146,1249.3493571530046,0.788442405920771,21.93171219946131,4553.0,1775.6761363636363,1255.0891719745223,0.7696401124291495,10.024937810560445,0,0,0,0,22829.54757522383,636.6881738965255,604.2019222665813,0.19017193945409847,9.223499306564918,1961.192678370656,641.2068913875405,603.0508557085473,0.14552875590067407,2.2507225010875302,0.05284847021102906,0.11047452688217163,0.06606059,0.11047453,-11.591232305522094,-11.87050381057811,0.09307810748430133,0.09192872751580715
50.0,50.0,M04_s1_x0_y0_Fluorescence_405_nm_Ex.tiff,M04_s1_x0_y0_Fluorescence_488_nm_Ex.tiff,M04_s1_x0_y0_Fluorescence_561_nm_Ex.tiff,M04_s1_x0_y0_Fluorescence_638_nm_Ex.tiff,M04_s1_x0_y0_Fluorescence_730_nm_Ex.tiff,59,21190.0,1045.2461567289183,1195.9864591168061,0.7355195863936528,18.957141576783123,4776.5,1045.8404381215764,1184.0608921175494,0.7172320474403457,9.486832980505138,0,0,0,0,13303.078993315794,673.6366085937045,714.2531452572924,0.15802578211722204,7.4037418185996,2477.4572907721335,677.707351549188,715.5286682866155,0.15402720059312539,2.198528682907338,0.060947763919830325,0.1116953194141388,0.076184705,0.11169532,-11.888279256213616,-12.139148652631874,0.11567673335379362,0.12009719890995503
31.0,31.0,M04_s2_x1_y0_Fluorescence_405_nm_Ex.tiff,M04_s2_x1_y0_Fluorescence_488_nm_Ex.tiff,M04_s2_x1_y0_Fluorescence_561_nm_Ex.tiff,M04_s2_x1_y0_Fluorescence_638_nm_Ex.tiff,M04_s2_x1_y0_Fluorescence_730_nm_Ex.tiff,60,19109.0,1655.635727872888,1334.834757988405,0.7224303770440651,17.88854381999832,4657.0,1646.2724458204334,1358.07504145937,0.7705134874928984,9.848857801796104,0,0,0,0,11869.84824033986,788.3673236480619,608.962666428173,0.16884834630888704,6.863451668065534,2090.2081420287122,788.833102826604,610.7588635495057,0.18667882222949853,2.315997696721675,0.056983029842376715,0.10485078394412994,0.07122879,0.104850784,-11.761397791714405,-12.110698312518828,0.07874603000969171,0.08895910354095936
262.0,262.0,M18_s1_x0_y0_Fluorescence_405_nm_Ex.tiff,M18_s1_x0_y0_Fluorescence_488_nm_Ex.tiff,M18_s1_x0_y0_Fluorescence_561_nm_Ex.tiff,M18_s1_x0_y0_Fluorescence_638_nm_Ex.tiff,M18_s1_x0_y0_Fluorescence_730_nm_Ex.tiff,61,13988.5,1375.1118665439126,1071.796272261388,0.7585366402607431,15.588424268958676,2998.5,1379.0642431262343,1069.6578097409897,0.7437679240258522,8.54400374531753,0,0,0,0,5638.177436688825,657.1637246448032,652.1156436060749,0.13749320101599044,3.65705522339882,911.2364253332645,656.7547782733875,653.0735158128252,0.13398718247859287,1.3159994374980872,0.06136016845703125,0.1317693442106247,0.07670021,0.13176934,-11.750025434192999,-12.28025769393874,0.16402576627875448,0.24751808808119535
271.0,271.0,M18_s2_x1_y0_Fluorescence_405_nm_Ex.tiff,M18_s2_x1_y0_Fluorescence_488_nm_Ex.tiff,M18_s2_x1_y0_Fluorescence_561_nm_Ex.tiff,M18_s2_x1_y0_Fluorescence_638_nm_Ex.tiff,M18_s2_x1_y0_Fluorescence_730_nm_Ex.tiff,62,15589.0,1296.2034727703235,1186.3390477422695,0.7304116787281427,16.278820596099706,3250.0,1287.240234375,1191.9167343623071,0.7497745503139605,8.94427190999916,0,0,0,0,5581.304476219542,670.8548777688426,695.1463440477135,0.1342423604262336,3.3895628464414473,823.3994734364902,671.1198856578351,696.1525556354459,0.1322308061150821,1.146338001397523,0.06214188933372498,0.13161250948905945,0.07767736,0.13161251,-11.853136874523571,-12.21070009276039,0.16683152094586373,0.24056743924243926
280.0,280.0,M20_s1_x0_y0_Fluorescence_405_nm_Ex.tiff,M20_s1_x0_y0_Fluorescence_488_nm_Ex.tiff,M20_s1_x0_y0_Fluorescence_561_nm_Ex.tiff,M20_s1_x0_y0_Fluorescence_638_nm_Ex.tiff,M20_s1_x0_y0_Fluorescence_730_nm_Ex.tiff,63,15480.5,1153.1481830936123,1307.5188906081498,0.7569070874604409,16.0,3182.5,1154.351052992861,1302.1137621141256,0.7594021663308006,8.94427190999916,0,0,0,0,5056.890711021377,665.0321672631192,669.2601013473635,0.14141017615800797,3.248421565271779,733.8167959288238,665.643836224316,669.543813902,0.127576962225026,1.086122002136887,0.0734593391418457,0.13446027040481567,0.091824174,0.13446027,-11.991432371532953,-12.180626735376858,0.16426876735559465,0.25030343663101673
231.0,231.0,M20_s2_x1_y0_Fluorescence_405_nm_Ex.tiff,M20_s2_x1_y0_Fluorescence_488_nm_Ex.tiff,M20_s2_x1_y0_Fluorescence_561_nm_Ex.tiff,M20_s2_x1_y0_Fluorescence_638_nm_Ex.tiff,M20_s2_x1_y0_Fluorescence_730_nm_Ex.tiff,64,16705.0,1194.1411955014635,1219.755220937528,0.752896906810096,17.204650534085253,3236.0,1186.746313799622,1219.543722745008,0.7650796583707428,8.94427190999916,0,0,0,0,5542.664404386176,712.056680733482,646.9196459057512,0.1505396310336743,3.0080657547318634,743.9088274424395,713.327598459419,646.9674625821679,0.11985069102511084,1.0436160359621778,0.057669794559478765,0.12733060121536255,0.07208724,0.1273306,-11.711443270800718,-12.097027207874106,0.15788438513319492,0.22917305624069692
319.0,319.0,N12_s1_x0_y0_Fluorescence_405_nm_Ex.tiff,N12_s1_x0_y0_Fluorescence_488_nm_Ex.tiff,N12_s1_x0_y0_Fluorescence_561_nm_Ex.tiff,N12_s1_x0_y0_Fluorescence_638_nm_Ex.tiff,N12_s1_x0_y0_Fluorescence_730_nm_Ex.tiff,65,13825.0,1167.439711631213,1150.6535025858016,0.7441631665612641,14.142135623730951,3003.0,1162.2784477088358,1147.5876100819921,0.7680662113603018,8.54400374531753,0,0,0,0,4770.704119671116,659.7956043284549,639.6649431574375,0.14512757260080877,3.2904607145888454,747.9467219375496,660.129476936691,639.2219221062202,0.14093439664071983,1.1216087595280921,0.07853503823280335,0.13072241842746735,0.0981688,0.13072242,-12.014273815654551,-12.177549882324762,0.17992681889249562,0.24816226760020732
284.0,284.0,N12_s2_x1_y0_Fluorescence_405_nm_Ex.tiff,N12_s2_x1_y0_Fluorescence_488_nm_Ex.tiff,N12_s2_x1_y0_Fluorescence_561_nm_Ex.tiff,N12_s2_x1_y0_Fluorescence_638_nm_Ex.tiff,N12_s2_x1_y0_Fluorescence_730_nm_Ex.tiff,66,14788.5,1179.2768357255304,1235.5136285184835,0.7541014594159243,15.0,3040.0,1171.0486043731983,1234.3813954913426,0.7462977314693051,8.54400374531753,0,0,0,0,5256.76872705676,642.4452907401753,658.1930993356657,0.14118883636286614,3.552135959510256,784.6670906844721,643.3150974856324,657.9618198192745,0.12823761333398034,1.1077780329786273,0.07423603534698486,0.12789300084114075,0.092795044,0.127893,-12.10767198499742,-12.278799565665482,0.18316208212043286,0.24109745340984345
49.0,49.0,N23_s1_x0_y0_Fluorescence_405_nm_Ex.tiff,N23_s1_x0_y0_Fluorescence_488_nm_Ex.tiff,N23_s1_x0_y0_Fluorescence_561_nm_Ex.tiff,N23_s1_x0_y0_Fluorescence_638_nm_Ex.tiff,N23_s1_x0_y0_Fluorescence_730_nm_Ex.tiff,67,51416.0,1365.389638346728,1091.2343630440962,0.7414453611762865,28.93086968966181,6146.0,1370.5100576733719,1100.6558737390174,0.789756895929512,12.041594578792296,0,0,0,0,19461.675319712223,652.4798714332962,601.4371162782064,0.1339747054744672,6.748136824832376,1717.4338183609323,648.7965007720112,599.8161483789744,0.09550446349795859,1.9523063217873668,0.053777801990509036,0.10008947551250458,0.06722225,0.100089476,-11.478979181547302,-11.845930638296046,0.11517717069212079,0.12511035703838705
74.0,74.0,N23_s2_x1_y0_Fluorescence_405_nm_Ex.tiff,N23_s2_x1_y0_Fluorescence_488_nm_Ex.tiff,N23_s2_x1_y0_Fluorescence_561_nm_Ex.tiff,N23_s2_x1_y0_Fluorescence_638_nm_Ex.tiff,N23_s2_x1_y0_Fluorescence_730_nm_Ex.tiff,68,44241.0,1382.9039641901031,1075.831066753415,0.7644006213741046,26.36279125158881,5985.0,1374.1224140707425,1149.4885872711925,0.7910086373772107,12.0,0,0,0,0,12892.333688227183,668.0202883498482,626.2386302600389,0.14305720678135947,5.122512458401437,1148.3899692824627,670.7882643155102,625.2516328922721,0.07371427403703472,1.3285377857900924,0.05779977440834046,0.10167770832777023,0.07224972,0.10167771,-11.25153223328105,-11.888570180054366,0.12948185662815093,0.14332749807089568
243.0,243.0,O05_s1_x0_y0_Fluorescence_405_nm_Ex.tiff,O05_s1_x0_y0_Fluorescence_488_nm_Ex.tiff,O05_s1_x0_y0_Fluorescence_561_nm_Ex.tiff,O05_s1_x0_y0_Fluorescence_638_nm_Ex.tiff,O05_s1_x0_y0_Fluorescence_730_nm_Ex.tiff,69,14541.0,1272.0756711252454,1203.7299275524686,0.7806037436825128,16.0,3168.0,1260.0559624963375,1185.7720557197129,0.7687146508337254,8.94427190999916,0,0,0,0,6029.532815956445,714.0691527683915,619.6142995279931,0.1281763348892962,3.6878982643392884,917.3146353473965,713.8868431770138,619.5849867392957,0.12153915893429022,1.3363186531792963,0.0572555422782898,0.12486706674098969,0.07156943,0.12486707,-11.762894560009864,-12.263497976592152,0.1768065936064768,0.23576361184802055
298.0,298.0,O05_s2_x1_y0_Fluorescence_405_nm_Ex.tiff,O05_s2_x1_y0_Fluorescence_488_nm_Ex.tiff,O05_s2_x1_y0_Fluorescence_561_nm_Ex.tiff,O05_s2_x1_y0_Fluorescence_638_nm_Ex.tiff,O05_s2_x1_y0_Fluorescence_730_nm_Ex.tiff,70,14832.0,1319.4183290986225,1135.1187551956618,0.7708612820465689,15.636487597155918,3062.0,1321.2106905290275,1139.311238624123,0.7566774053276302,8.573164506180078,0,0,0,0,4514.833957460515,655.1915657179967,700.3132388197746,0.14765033031679728,2.84604437254384,703.2173790347324,656.4509992407857,700.6531818597956,0.12352024520703195,1.0270893798633738,0.0689613401889801,0.12016499042510986,0.086201675,0.12016499,-11.991903177450144,-12.168549225044528,0.1632368262440133,0.23496881080254078
60.0,60.0,O10_s1_x0_y0_Fluorescence_405_nm_Ex.tiff,O10_s1_x0_y0_Fluorescence_488_nm_Ex.tiff,O10_s1_x0_y0_Fluorescence_561_nm_Ex.tiff,O10_s1_x0_y0_Fluorescence_638_nm_Ex.tiff,O10_s1_x0_y0_Fluorescence_730_nm_Ex.tiff,71,14534.5,1551.1067238259284,1514.9989491995352,0.7201963059877733,15.967951898719498,3512.5,1543.0964774233835,1506.2192052014361,0.6737122233669797,8.94427190999916,0,0,0,0,12119.16375511666,714.3904301199361,697.2114301104285,0.1756620017215745,6.9609211296548255,2075.2644770540023,717.1049509462819,697.1191850082357,0.16457458393776872,2.033118098286662,0.06113709211349488,0.11404663324356079,0.076421365,0.11404663,-11.733131487455388,-12.193267753993698,0.13501987177406788,0.1252677835515976
42.0,42.0,O10_s2_x1_y0_Fluorescence_405_nm_Ex.tiff,O10_s2_x1_y0_Fluorescence_488_nm_Ex.tiff,O10_s2_x1_y0_Fluorescence_561_nm_Ex.tiff,O10_s2_x1_y0_Fluorescence_638_nm_Ex.tiff,O10_s2_x1_y0_Fluorescence_730_nm_Ex.tiff,72,15758.5,1327.207097806302,1356.894913163131,0.7435308882019538,17.24154988045478,4219.5,1347.4645277830982,1355.5557121745899,0.6744844511758049,9.219544457292887,0,0,0,0,10909.301993052699,636.2551081474247,713.4927018820407,0.1780295652617899,6.440076908177619,1917.235765259932,635.4842303750273,714.530669985953,0.151585164549674,2.1377907266207785,0.059595078229904175,0.10732023417949677,0.07449385,0.107320234,-11.685262520985875,-12.113854535126666,0.08781181401403189,0.09944740659220695
207.0,207.0,O17_s1_x0_y0_Fluorescence_405_nm_Ex.tiff,O17_s1_x0_y0_Fluorescence_488_nm_Ex.tiff,O17_s1_x0_y0_Fluorescence_561_nm_Ex.tiff,O17_s1_x0_y0_Fluorescence_638_nm_Ex.tiff,O17_s1_x0_y0_Fluorescence_730_nm_Ex.tiff,73,15072.0,1123.860768175583,1280.8584665276812,0.7740802640053146,16.0,3115.0,1122.1850481125093,1281.8661753297129,0.7710126208730561,8.602325267042627,0,0,0,0,5624.385278999148,658.0131445662826,673.6266655200767,0.13665700780993387,3.3767318638521857,815.9434893286285,657.7594088735349,673.8698023491187,0.1301208303897764,1.1906283598415615,0.054707229137420654,0.11938861012458801,0.06838404,0.11938861,-11.645961581903531,-12.104895883996669,0.14464322318710088,0.19874999193252563
287.0,287.0,O17_s2_x1_y0_Fluorescence_405_nm_Ex.tiff,O17_s2_x1_y0_Fluorescence_488_nm_Ex.tiff,O17_s2_x1_y0_Fluorescence_561_nm_Ex.tiff,O17_s2_x1_y0_Fluorescence_638_nm_Ex.tiff,O17_s2_x1_y0_Fluorescence_730_nm_Ex.tiff,74,14226.0,1104.312488095994,1155.2521447221186,0.7496305788230304,15.652475842498529,3037.0,1109.6108763031839,1153.6817087845968,0.7442491695541826,8.54400374531753,0,0,0,0,5667.879702414573,669.7963205860498,650.1994879799788,0.14416294618597522,3.6267145164599532,870.1942942527418,670.8657665177477,650.8881464407534,0.13521793914964608,1.2539455297362614,0.062699955701828,0.12991894781589508,0.078374945,0.12991895,-11.827087927372252,-12.24883133625982,0.17827337011202574,0.24956671069560052
192.0,192.0,O22_s1_x0_y0_Fluorescence_405_nm_Ex.tiff,O22_s1_x0_y0_Fluorescence_488_nm_Ex.tiff,O22_s1_x0_y0_Fluorescence_561_nm_Ex.tiff,O22_s1_x0_y0_Fluorescence_638_nm_Ex.tiff,O22_s1_x0_y0_Fluorescence_730_nm_Ex.tiff,75,14051.0,1339.4783944085693,1024.2974948651208,0.7319676735044066,15.524174696260024,2974.0,1328.8947646547133,1023.8548622845344,0.7687232258173975,8.48528137423857,0,0,0,0,7025.590621207287,629.2165611022883,648.8293220422103,0.13742128770131395,4.207626054733194,904.7025387351082,629.5436642031306,650.0226187123726,0.14179639430084434,1.3803775860853267,0.054177659749984744,0.11826790869235992,0.067722075,0.11826791,-11.662858402690041,-12.149681014221642,0.1453643160305393,0.2029443814366722
287.0,287.0,O22_s2_x1_y0_Fluorescence_405_nm_Ex.tiff,O22_s2_x1_y0_Fluorescence_488_nm_Ex.tiff,O22_s2_x1_y0_Fluorescence_561_nm_Ex.tiff,O22_s2_x1_y0_Fluorescence_638_nm_Ex.tiff,O22_s2_x1_y0_Fluorescence_730_nm_Ex.tiff,76,13303.0,1492.0573534123678,1266.8922224474627,0.7430752102686536,15.620499351813308,2997.0,1487.6876763875823,1267.187419104323,0.7435617808164803,8.54400374531753,0,0,0,0,5169.85650716279,627.809538047353,684.1299735989307,0.1321971121366995,3.2367334555268545,813.9597743718216,627.2536377098259,684.0695159817612,0.12103914180875018,1.124504000153212,0.0584607481956482,0.12563356757164001,0.073075935,0.12563357,-11.783669964725533,-12.257949257187963,0.1794323851685524,0.24775549470796585
